{
    "avg_prec": 0.5274663318287027,
    "roc_auc": 0.9514394246569495
}